{"v":"4.10.1","fr":24,"ip":0,"op":49,"w":500,"h":370,"nm":"合成 1","ddd":0,"assets":[],"layers":[{"ddd":0,"ind":1,"ty":4,"nm":"形状图层 5","sr":1,"ks":{"o":{"a":1,"k":[{"i":{"x":[0.833],"y":[0.833]},"o":{"x":[0.167],"y":[0.167]},"n":["0p833_0p833_0p167_0p167"],"t":0,"s":[50],"e":[100]},{"i":{"x":[0.833],"y":[0.833]},"o":{"x":[0.167],"y":[0.167]},"n":["0p833_0p833_0p167_0p167"],"t":24,"s":[100],"e":[50]},{"i":{"x":[0.833],"y":[0.833]},"o":{"x":[0.167],"y":[0.167]},"n":["0p833_0p833_0p167_0p167"],"t":48,"s":[50],"e":[100]},{"t":71.999765625}],"ix":11},"r":{"a":0,"k":77.384,"ix":10},"p":{"a":0,"k":[280,303,0],"ix":2},"a":{"a":0,"k":[-60,508,0],"ix":1},"s":{"a":0,"k":[100,100,100],"ix":6}},"ao":0,"ef":[{"ty":5,"nm":"高斯模糊","np":6,"mn":"ADBE Gaussian Blur 2","ix":1,"en":1,"ef":[{"ty":0,"nm":"模糊度","mn":"ADBE Gaussian Blur 2-0001","ix":1,"v":{"a":0,"k":37.2,"ix":1}},{"ty":7,"nm":"模糊方向","mn":"ADBE Gaussian Blur 2-0002","ix":2,"v":{"a":0,"k":3,"ix":2}},{"ty":7,"nm":"重复边缘像素","mn":"ADBE Gaussian Blur 2-0003","ix":3,"v":{"a":0,"k":0,"ix":3}},{"ty":7,"nm":"GPU 渲染","mn":"ADBE Force CPU GPU","ix":4,"v":{"a":0,"k":1,"ix":4}}]}],"shapes":[{"ty":"gr","it":[{"ind":0,"ty":"sh","ix":1,"ks":{"a":0,"k":{"i":[[0,0],[0,0],[0,0],[0,0]],"o":[[0,0],[0,0],[0,0],[0,0]],"v":[[34.272,349.963],[-36.574,325.105],[-60.952,603.387],[-43.347,595.339]],"c":true},"ix":2},"nm":"路径 1","mn":"ADBE Vector Shape - Group","hd":false},{"ty":"gf","o":{"a":0,"k":100,"ix":10},"r":1,"g":{"p":3,"k":{"a":0,"k":[0,1,0.993,0.686,0.293,1,0.965,0.501,1,1,0.937,0.316,0,0.75,0.5,0.375,1,0],"ix":9}},"s":{"a":0,"k":[-59.358,626.34],"ix":5},"e":{"a":0,"k":[2.902,373.47],"ix":6},"t":1,"nm":"渐变填充 1","mn":"ADBE Vector Graphic - G-Fill","hd":false},{"ty":"tr","p":{"a":0,"k":[0,0],"ix":2},"a":{"a":0,"k":[0,0],"ix":1},"s":{"a":0,"k":[100,100],"ix":3},"r":{"a":0,"k":0,"ix":6},"o":{"a":0,"k":100,"ix":7},"sk":{"a":0,"k":0,"ix":4},"sa":{"a":0,"k":0,"ix":5},"nm":"变换"}],"nm":"形状 1","np":3,"cix":2,"ix":1,"mn":"ADBE Vector Group","hd":false}],"ip":0,"op":49,"st":-5.76,"bm":5},{"ddd":0,"ind":2,"ty":4,"nm":"形状图层 9","sr":1,"ks":{"o":{"a":1,"k":[{"i":{"x":[0.833],"y":[0.833]},"o":{"x":[0.167],"y":[0.167]},"n":["0p833_0p833_0p167_0p167"],"t":0,"s":[100],"e":[50]},{"i":{"x":[0.833],"y":[0.833]},"o":{"x":[0.167],"y":[0.167]},"n":["0p833_0p833_0p167_0p167"],"t":24,"s":[50],"e":[100]},{"i":{"x":[0.833],"y":[0.833]},"o":{"x":[0.167],"y":[0.167]},"n":["0p833_0p833_0p167_0p167"],"t":48,"s":[100],"e":[50]},{"t":71.999765625}],"ix":11},"r":{"a":0,"k":75.978,"ix":10},"p":{"a":0,"k":[277,295,0],"ix":2},"a":{"a":0,"k":[-60,508,0],"ix":1},"s":{"a":0,"k":[100.233,84.824,100],"ix":6}},"ao":0,"ef":[{"ty":5,"nm":"高斯模糊","np":6,"mn":"ADBE Gaussian Blur 2","ix":1,"en":1,"ef":[{"ty":0,"nm":"模糊度","mn":"ADBE Gaussian Blur 2-0001","ix":1,"v":{"a":0,"k":15.9,"ix":1}},{"ty":7,"nm":"模糊方向","mn":"ADBE Gaussian Blur 2-0002","ix":2,"v":{"a":0,"k":3,"ix":2}},{"ty":7,"nm":"重复边缘像素","mn":"ADBE Gaussian Blur 2-0003","ix":3,"v":{"a":0,"k":0,"ix":3}},{"ty":7,"nm":"GPU 渲染","mn":"ADBE Force CPU GPU","ix":4,"v":{"a":0,"k":1,"ix":4}}]}],"shapes":[{"ty":"gr","it":[{"ind":0,"ty":"sh","ix":1,"ks":{"a":0,"k":{"i":[[0,0],[0,0],[0,0],[0,0]],"o":[[0,0],[0,0],[0,0],[0,0]],"v":[[-7.926,289.147],[-77.216,289.009],[-60.519,619.99],[-44.16,611.005]],"c":true},"ix":2},"nm":"路径 1","mn":"ADBE Vector Shape - Group","hd":false},{"ty":"gf","o":{"a":0,"k":100,"ix":10},"r":1,"g":{"p":3,"k":{"a":0,"k":[0,0.991,1,0.627,0.293,0.995,0.95,0.493,1,1,0.901,0.358,0,0.75,0.5,0.375,1,0],"ix":9}},"s":{"a":0,"k":[-51.578,620.422],"ix":5},"e":{"a":0,"k":[-41.113,305.373],"ix":6},"t":1,"nm":"渐变填充 1","mn":"ADBE Vector Graphic - G-Fill","hd":false},{"ty":"tr","p":{"a":0,"k":[0.585,-0.052],"ix":2},"a":{"a":0,"k":[0,0],"ix":1},"s":{"a":0,"k":[100,100],"ix":3},"r":{"a":0,"k":0,"ix":6},"o":{"a":0,"k":100,"ix":7},"sk":{"a":0,"k":0,"ix":4},"sa":{"a":0,"k":0,"ix":5},"nm":"变换"}],"nm":"形状 1","np":3,"cix":2,"ix":1,"mn":"ADBE Vector Group","hd":false}],"ip":0,"op":49,"st":-5.76,"bm":5},{"ddd":0,"ind":3,"ty":4,"nm":"形状图层 4","sr":1,"ks":{"o":{"a":1,"k":[{"i":{"x":[0.833],"y":[0.833]},"o":{"x":[0.167],"y":[0.167]},"n":["0p833_0p833_0p167_0p167"],"t":0,"s":[50],"e":[100]},{"i":{"x":[0.833],"y":[0.833]},"o":{"x":[0.167],"y":[0.167]},"n":["0p833_0p833_0p167_0p167"],"t":24,"s":[100],"e":[50]},{"i":{"x":[0.833],"y":[0.833]},"o":{"x":[0.167],"y":[0.167]},"n":["0p833_0p833_0p167_0p167"],"t":48,"s":[50],"e":[100]},{"t":71.999765625}],"ix":11},"r":{"a":0,"k":59.698,"ix":10},"p":{"a":0,"k":[273.5,272.5,0],"ix":2},"a":{"a":0,"k":[-60,508,0],"ix":1},"s":{"a":0,"k":[100,100,100],"ix":6}},"ao":0,"ef":[{"ty":5,"nm":"高斯模糊","np":6,"mn":"ADBE Gaussian Blur 2","ix":1,"en":1,"ef":[{"ty":0,"nm":"模糊度","mn":"ADBE Gaussian Blur 2-0001","ix":1,"v":{"a":0,"k":35,"ix":1}},{"ty":7,"nm":"模糊方向","mn":"ADBE Gaussian Blur 2-0002","ix":2,"v":{"a":0,"k":2,"ix":2}},{"ty":7,"nm":"重复边缘像素","mn":"ADBE Gaussian Blur 2-0003","ix":3,"v":{"a":0,"k":0,"ix":3}},{"ty":7,"nm":"GPU 渲染","mn":"ADBE Force CPU GPU","ix":4,"v":{"a":0,"k":1,"ix":4}}]}],"shapes":[{"ty":"gr","it":[{"ind":0,"ty":"sh","ix":1,"ks":{"a":0,"k":{"i":[[0,0],[0,0],[0,0],[0,0]],"o":[[0,0],[0,0],[0,0],[0,0]],"v":[[12.124,301.106],[-77.216,289.009],[-72.332,609.738],[-54.349,605.747]],"c":true},"ix":2},"nm":"路径 1","mn":"ADBE Vector Shape - Group","hd":false},{"ty":"gf","o":{"a":0,"k":100,"ix":10},"r":1,"g":{"p":3,"k":{"a":0,"k":[0,1,0.991,0.708,0.293,1,0.947,0.586,1,1,0.904,0.463,0,0.75,0.5,0.375,1,0],"ix":9}},"s":{"a":0,"k":[-51.578,620.422],"ix":5},"e":{"a":0,"k":[-31.013,354.288],"ix":6},"t":1,"nm":"渐变填充 1","mn":"ADBE Vector Graphic - G-Fill","hd":false},{"ty":"tr","p":{"a":0,"k":[0,0],"ix":2},"a":{"a":0,"k":[0,0],"ix":1},"s":{"a":0,"k":[100,100],"ix":3},"r":{"a":0,"k":-0.024,"ix":6},"o":{"a":0,"k":100,"ix":7},"sk":{"a":0,"k":0,"ix":4},"sa":{"a":0,"k":0,"ix":5},"nm":"变换"}],"nm":"形状 1","np":3,"cix":2,"ix":1,"mn":"ADBE Vector Group","hd":false}],"ip":0,"op":49,"st":-5.76,"bm":5},{"ddd":0,"ind":4,"ty":4,"nm":"形状图层 8","sr":1,"ks":{"o":{"a":1,"k":[{"i":{"x":[0.833],"y":[0.833]},"o":{"x":[0.167],"y":[0.167]},"n":["0p833_0p833_0p167_0p167"],"t":0,"s":[100],"e":[50]},{"i":{"x":[0.833],"y":[0.833]},"o":{"x":[0.167],"y":[0.167]},"n":["0p833_0p833_0p167_0p167"],"t":24,"s":[50],"e":[100]},{"i":{"x":[0.833],"y":[0.833]},"o":{"x":[0.167],"y":[0.167]},"n":["0p833_0p833_0p167_0p167"],"t":48,"s":[100],"e":[50]},{"t":71.999765625}],"ix":11},"r":{"a":0,"k":44.965,"ix":10},"p":{"a":0,"k":[257,242.5,0],"ix":2},"a":{"a":0,"k":[-60,508,0],"ix":1},"s":{"a":0,"k":[100,100,100],"ix":6}},"ao":0,"ef":[{"ty":5,"nm":"高斯模糊","np":6,"mn":"ADBE Gaussian Blur 2","ix":1,"en":1,"ef":[{"ty":0,"nm":"模糊度","mn":"ADBE Gaussian Blur 2-0001","ix":1,"v":{"a":0,"k":35,"ix":1}},{"ty":7,"nm":"模糊方向","mn":"ADBE Gaussian Blur 2-0002","ix":2,"v":{"a":0,"k":2,"ix":2}},{"ty":7,"nm":"重复边缘像素","mn":"ADBE Gaussian Blur 2-0003","ix":3,"v":{"a":0,"k":0,"ix":3}},{"ty":7,"nm":"GPU 渲染","mn":"ADBE Force CPU GPU","ix":4,"v":{"a":0,"k":1,"ix":4}}]}],"shapes":[{"ty":"gr","it":[{"ind":0,"ty":"sh","ix":1,"ks":{"a":0,"k":{"i":[[0,0],[0,0],[0,0],[0,0]],"o":[[0,0],[0,0],[0,0],[0,0]],"v":[[14.912,267.448],[-74.303,260.999],[-75.13,606.604],[-53.221,609.284]],"c":true},"ix":2},"nm":"路径 1","mn":"ADBE Vector Shape - Group","hd":false},{"ty":"gf","o":{"a":0,"k":100,"ix":10},"r":1,"g":{"p":3,"k":{"a":0,"k":[0,0.999,1,0.72,0.48,1,0.961,0.558,1,1,0.922,0.396,0,0.75,0.5,0.375,1,0],"ix":9}},"s":{"a":0,"k":[-63.662,643.469],"ix":5},"e":{"a":0,"k":[-21.775,314.322],"ix":6},"t":1,"nm":"渐变填充 1","mn":"ADBE Vector Graphic - G-Fill","hd":false},{"ty":"tr","p":{"a":0,"k":[0,0],"ix":2},"a":{"a":0,"k":[0,0],"ix":1},"s":{"a":0,"k":[100,100],"ix":3},"r":{"a":0,"k":0,"ix":6},"o":{"a":0,"k":100,"ix":7},"sk":{"a":0,"k":0,"ix":4},"sa":{"a":0,"k":0,"ix":5},"nm":"变换"}],"nm":"形状 1","np":3,"cix":2,"ix":1,"mn":"ADBE Vector Group","hd":false}],"ip":0,"op":49,"st":-5.76,"bm":5},{"ddd":0,"ind":5,"ty":4,"nm":"形状图层 3","sr":1,"ks":{"o":{"a":1,"k":[{"i":{"x":[0.833],"y":[0.833]},"o":{"x":[0.167],"y":[0.167]},"n":["0p833_0p833_0p167_0p167"],"t":0,"s":[50],"e":[100]},{"i":{"x":[0.833],"y":[0.833]},"o":{"x":[0.167],"y":[0.167]},"n":["0p833_0p833_0p167_0p167"],"t":24,"s":[100],"e":[50]},{"i":{"x":[0.833],"y":[0.833]},"o":{"x":[0.167],"y":[0.167]},"n":["0p833_0p833_0p167_0p167"],"t":48,"s":[50],"e":[100]},{"t":71.999765625}],"ix":11},"r":{"a":0,"k":29.55,"ix":10},"p":{"a":0,"k":[238,217.5,0],"ix":2},"a":{"a":0,"k":[-60,508,0],"ix":1},"s":{"a":0,"k":[100,100,100],"ix":6}},"ao":0,"ef":[{"ty":5,"nm":"高斯模糊","np":6,"mn":"ADBE Gaussian Blur 2","ix":1,"en":1,"ef":[{"ty":0,"nm":"模糊度","mn":"ADBE Gaussian Blur 2-0001","ix":1,"v":{"a":0,"k":35,"ix":1}},{"ty":7,"nm":"模糊方向","mn":"ADBE Gaussian Blur 2-0002","ix":2,"v":{"a":0,"k":2,"ix":2}},{"ty":7,"nm":"重复边缘像素","mn":"ADBE Gaussian Blur 2-0003","ix":3,"v":{"a":0,"k":0,"ix":3}},{"ty":7,"nm":"GPU 渲染","mn":"ADBE Force CPU GPU","ix":4,"v":{"a":0,"k":1,"ix":4}}]}],"shapes":[{"ty":"gr","it":[{"ind":0,"ty":"sh","ix":1,"ks":{"a":0,"k":{"i":[[0,0],[0,0],[0,0],[0,0]],"o":[[0,0],[0,0],[0,0],[0,0]],"v":[[14.912,267.448],[-74.303,260.999],[-73.041,612.317],[-51.474,617.242]],"c":true},"ix":2},"nm":"路径 1","mn":"ADBE Vector Shape - Group","hd":false},{"ty":"gf","o":{"a":0,"k":100,"ix":10},"r":1,"g":{"p":3,"k":{"a":0,"k":[0,1,0.98,0.524,0.48,0.974,0.909,0.351,1,0.948,0.838,0.177,0,0.75,0.5,0.375,1,0],"ix":9}},"s":{"a":0,"k":[-63.662,643.469],"ix":5},"e":{"a":0,"k":[-31.433,344.711],"ix":6},"t":1,"nm":"渐变填充 1","mn":"ADBE Vector Graphic - G-Fill","hd":false},{"ty":"tr","p":{"a":0,"k":[0,0],"ix":2},"a":{"a":0,"k":[0,0],"ix":1},"s":{"a":0,"k":[100,100],"ix":3},"r":{"a":0,"k":0,"ix":6},"o":{"a":0,"k":100,"ix":7},"sk":{"a":0,"k":0,"ix":4},"sa":{"a":0,"k":0,"ix":5},"nm":"变换"}],"nm":"形状 1","np":3,"cix":2,"ix":1,"mn":"ADBE Vector Group","hd":false}],"ip":0,"op":49,"st":-5.76,"bm":5},{"ddd":0,"ind":6,"ty":4,"nm":"形状图层 7","sr":1,"ks":{"o":{"a":1,"k":[{"i":{"x":[0.833],"y":[0.833]},"o":{"x":[0.167],"y":[0.167]},"n":["0p833_0p833_0p167_0p167"],"t":0,"s":[100],"e":[50]},{"i":{"x":[0.833],"y":[0.833]},"o":{"x":[0.167],"y":[0.167]},"n":["0p833_0p833_0p167_0p167"],"t":24,"s":[50],"e":[100]},{"i":{"x":[0.833],"y":[0.833]},"o":{"x":[0.167],"y":[0.167]},"n":["0p833_0p833_0p167_0p167"],"t":48,"s":[100],"e":[50]},{"t":71.999765625}],"ix":11},"r":{"a":0,"k":20.739,"ix":10},"p":{"a":0,"k":[206,197.5,0],"ix":2},"a":{"a":0,"k":[-60,508,0],"ix":1},"s":{"a":0,"k":[100,100,100],"ix":6}},"ao":0,"ef":[{"ty":5,"nm":"高斯模糊","np":6,"mn":"ADBE Gaussian Blur 2","ix":1,"en":1,"ef":[{"ty":0,"nm":"模糊度","mn":"ADBE Gaussian Blur 2-0001","ix":1,"v":{"a":0,"k":35,"ix":1}},{"ty":7,"nm":"模糊方向","mn":"ADBE Gaussian Blur 2-0002","ix":2,"v":{"a":0,"k":2,"ix":2}},{"ty":7,"nm":"重复边缘像素","mn":"ADBE Gaussian Blur 2-0003","ix":3,"v":{"a":0,"k":0,"ix":3}},{"ty":7,"nm":"GPU 渲染","mn":"ADBE Force CPU GPU","ix":4,"v":{"a":0,"k":1,"ix":4}}]}],"shapes":[{"ty":"gr","it":[{"ind":0,"ty":"sh","ix":1,"ks":{"a":0,"k":{"i":[[0,0],[0,0],[0,0],[0,0]],"o":[[0,0],[0,0],[0,0],[0,0]],"v":[[9.938,324.148],[-77.072,324.195],[-71.423,600.73],[-50.204,620.929]],"c":true},"ix":2},"nm":"路径 1","mn":"ADBE Vector Shape - Group","hd":false},{"ty":"gf","o":{"a":0,"k":100,"ix":10},"r":1,"g":{"p":3,"k":{"a":0,"k":[0,1,1,0.683,0.293,0.999,0.967,0.577,1,0.998,0.934,0.472,0,0.75,0.5,0.375,1,0],"ix":9}},"s":{"a":0,"k":[-65.638,643.318],"ix":5},"e":{"a":0,"k":[-35.482,381.879],"ix":6},"t":1,"nm":"渐变填充 1","mn":"ADBE Vector Graphic - G-Fill","hd":false},{"ty":"tr","p":{"a":0,"k":[0,0],"ix":2},"a":{"a":0,"k":[0,0],"ix":1},"s":{"a":0,"k":[100,100],"ix":3},"r":{"a":0,"k":0,"ix":6},"o":{"a":0,"k":100,"ix":7},"sk":{"a":0,"k":0,"ix":4},"sa":{"a":0,"k":0,"ix":5},"nm":"变换"}],"nm":"形状 1","np":3,"cix":2,"ix":1,"mn":"ADBE Vector Group","hd":false}],"ip":0,"op":49,"st":-5.76,"bm":5},{"ddd":0,"ind":7,"ty":4,"nm":"形状图层 2","sr":1,"ks":{"o":{"a":1,"k":[{"i":{"x":[0.833],"y":[0.833]},"o":{"x":[0.167],"y":[0.167]},"n":["0p833_0p833_0p167_0p167"],"t":0,"s":[50],"e":[100]},{"i":{"x":[0.833],"y":[0.833]},"o":{"x":[0.167],"y":[0.167]},"n":["0p833_0p833_0p167_0p167"],"t":24,"s":[100],"e":[50]},{"i":{"x":[0.833],"y":[0.833]},"o":{"x":[0.167],"y":[0.167]},"n":["0p833_0p833_0p167_0p167"],"t":48,"s":[50],"e":[100]},{"t":71.999765625}],"ix":11},"r":{"a":0,"k":1.305,"ix":10},"p":{"a":0,"k":[180,199.5,0],"ix":2},"a":{"a":0,"k":[-60,508,0],"ix":1},"s":{"a":0,"k":[100,100,100],"ix":6}},"ao":0,"ef":[{"ty":5,"nm":"高斯模糊","np":6,"mn":"ADBE Gaussian Blur 2","ix":1,"en":1,"ef":[{"ty":0,"nm":"模糊度","mn":"ADBE Gaussian Blur 2-0001","ix":1,"v":{"a":0,"k":35,"ix":1}},{"ty":7,"nm":"模糊方向","mn":"ADBE Gaussian Blur 2-0002","ix":2,"v":{"a":0,"k":2,"ix":2}},{"ty":7,"nm":"重复边缘像素","mn":"ADBE Gaussian Blur 2-0003","ix":3,"v":{"a":0,"k":0,"ix":3}},{"ty":7,"nm":"GPU 渲染","mn":"ADBE Force CPU GPU","ix":4,"v":{"a":0,"k":1,"ix":4}}]}],"shapes":[{"ty":"gr","it":[{"ind":0,"ty":"sh","ix":1,"ks":{"a":0,"k":{"i":[[0,0],[0,0],[0,0],[0,0]],"o":[[0,0],[0,0],[0,0],[0,0]],"v":[[9.938,324.148],[-77.072,324.195],[-71.423,600.73],[-50.204,620.929]],"c":true},"ix":2},"nm":"路径 1","mn":"ADBE Vector Shape - Group","hd":false},{"ty":"gf","o":{"a":0,"k":100,"ix":10},"r":1,"g":{"p":3,"k":{"a":0,"k":[0,0.993,1,0.648,0.293,0.997,0.958,0.529,1,1,0.917,0.411,0,0.75,0.5,0.375,1,0],"ix":9}},"s":{"a":0,"k":[-65.638,643.318],"ix":5},"e":{"a":0,"k":[-35.482,381.879],"ix":6},"t":1,"nm":"渐变填充 1","mn":"ADBE Vector Graphic - G-Fill","hd":false},{"ty":"tr","p":{"a":0,"k":[0,0],"ix":2},"a":{"a":0,"k":[0,0],"ix":1},"s":{"a":0,"k":[100,100],"ix":3},"r":{"a":0,"k":0,"ix":6},"o":{"a":0,"k":100,"ix":7},"sk":{"a":0,"k":0,"ix":4},"sa":{"a":0,"k":0,"ix":5},"nm":"变换"}],"nm":"形状 1","np":3,"cix":2,"ix":1,"mn":"ADBE Vector Group","hd":false}],"ip":0,"op":49,"st":-5.76,"bm":5},{"ddd":0,"ind":8,"ty":4,"nm":"形状图层 6","sr":1,"ks":{"o":{"a":1,"k":[{"i":{"x":[0.833],"y":[0.833]},"o":{"x":[0.167],"y":[0.167]},"n":["0p833_0p833_0p167_0p167"],"t":0,"s":[100],"e":[50]},{"i":{"x":[0.833],"y":[0.833]},"o":{"x":[0.167],"y":[0.167]},"n":["0p833_0p833_0p167_0p167"],"t":24,"s":[50],"e":[100]},{"i":{"x":[0.833],"y":[0.833]},"o":{"x":[0.167],"y":[0.167]},"n":["0p833_0p833_0p167_0p167"],"t":48,"s":[100],"e":[50]},{"t":71.999765625}],"ix":11},"r":{"a":0,"k":-4.465,"ix":10},"p":{"a":0,"k":[164,195.5,0],"ix":2},"a":{"a":0,"k":[-60,508,0],"ix":1},"s":{"a":0,"k":[100,100,100],"ix":6}},"ao":0,"ef":[{"ty":5,"nm":"高斯模糊","np":6,"mn":"ADBE Gaussian Blur 2","ix":1,"en":1,"ef":[{"ty":0,"nm":"模糊度","mn":"ADBE Gaussian Blur 2-0001","ix":1,"v":{"a":0,"k":13.2,"ix":1}},{"ty":7,"nm":"模糊方向","mn":"ADBE Gaussian Blur 2-0002","ix":2,"v":{"a":0,"k":2,"ix":2}},{"ty":7,"nm":"重复边缘像素","mn":"ADBE Gaussian Blur 2-0003","ix":3,"v":{"a":0,"k":0,"ix":3}},{"ty":7,"nm":"GPU 渲染","mn":"ADBE Force CPU GPU","ix":4,"v":{"a":0,"k":1,"ix":4}}]}],"shapes":[{"ty":"gr","it":[{"ind":0,"ty":"sh","ix":1,"ks":{"a":0,"k":{"i":[[0,0],[0,0],[0,0],[0,0]],"o":[[0,0],[0,0],[0,0],[0,0]],"v":[[-29.155,272.279],[-131.015,261.858],[-66.456,608.633],[-50.785,632.72]],"c":true},"ix":2},"nm":"路径 1","mn":"ADBE Vector Shape - Group","hd":false},{"ty":"gf","o":{"a":0,"k":100,"ix":10},"r":1,"g":{"p":3,"k":{"a":0,"k":[0,1,0.993,0.644,0.293,0.997,0.934,0.411,1,0.994,0.874,0.178,0,0.75,0.5,0.375,1,0],"ix":9}},"s":{"a":0,"k":[-51.578,620.422],"ix":5},"e":{"a":0,"k":[-73.36,388.168],"ix":6},"t":1,"nm":"渐变填充 1","mn":"ADBE Vector Graphic - G-Fill","hd":false},{"ty":"tr","p":{"a":0,"k":[0,0],"ix":2},"a":{"a":0,"k":[0,0],"ix":1},"s":{"a":0,"k":[100,100],"ix":3},"r":{"a":0,"k":0,"ix":6},"o":{"a":0,"k":100,"ix":7},"sk":{"a":0,"k":0,"ix":4},"sa":{"a":0,"k":0,"ix":5},"nm":"变换"}],"nm":"形状 1","np":3,"cix":2,"ix":1,"mn":"ADBE Vector Group","hd":false}],"ip":0,"op":49,"st":-5.76,"bm":5},{"ddd":0,"ind":9,"ty":4,"nm":"形状图层 1","sr":1,"ks":{"o":{"a":1,"k":[{"i":{"x":[0.833],"y":[0.833]},"o":{"x":[0.167],"y":[0.167]},"n":["0p833_0p833_0p167_0p167"],"t":0,"s":[50],"e":[100]},{"i":{"x":[0.833],"y":[0.833]},"o":{"x":[0.167],"y":[0.167]},"n":["0p833_0p833_0p167_0p167"],"t":24,"s":[100],"e":[50]},{"i":{"x":[0.833],"y":[0.833]},"o":{"x":[0.167],"y":[0.167]},"n":["0p833_0p833_0p167_0p167"],"t":48,"s":[50],"e":[100]},{"t":71.999765625}],"ix":11},"r":{"a":0,"k":-24.057,"ix":10},"p":{"a":0,"k":[130,209.5,0],"ix":2},"a":{"a":0,"k":[-60,508,0],"ix":1},"s":{"a":0,"k":[100,100,100],"ix":6}},"ao":0,"ef":[{"ty":5,"nm":"高斯模糊","np":6,"mn":"ADBE Gaussian Blur 2","ix":1,"en":1,"ef":[{"ty":0,"nm":"模糊度","mn":"ADBE Gaussian Blur 2-0001","ix":1,"v":{"a":0,"k":35,"ix":1}},{"ty":7,"nm":"模糊方向","mn":"ADBE Gaussian Blur 2-0002","ix":2,"v":{"a":0,"k":2,"ix":2}},{"ty":7,"nm":"重复边缘像素","mn":"ADBE Gaussian Blur 2-0003","ix":3,"v":{"a":0,"k":0,"ix":3}},{"ty":7,"nm":"GPU 渲染","mn":"ADBE Force CPU GPU","ix":4,"v":{"a":0,"k":1,"ix":4}}]}],"shapes":[{"ty":"gr","it":[{"ind":0,"ty":"sh","ix":1,"ks":{"a":0,"k":{"i":[[0,0],[0,0],[0,0],[0,0]],"o":[[0,0],[0,0],[0,0],[0,0]],"v":[[-29.155,272.279],[-131.015,261.858],[-66.129,591.607],[-50.785,632.72]],"c":true},"ix":2},"nm":"路径 1","mn":"ADBE Vector Shape - Group","hd":false},{"ty":"gf","o":{"a":0,"k":100,"ix":10},"r":1,"g":{"p":3,"k":{"a":0,"k":[0,1,0.982,0.58,0.293,0.994,0.899,0.371,1,0.989,0.816,0.162,0,0.75,0.5,0.375,1,0],"ix":9}},"s":{"a":0,"k":[-51.578,620.422],"ix":5},"e":{"a":0,"k":[-73.36,388.168],"ix":6},"t":1,"nm":"渐变填充 1","mn":"ADBE Vector Graphic - G-Fill","hd":false},{"ty":"tr","p":{"a":0,"k":[0,0],"ix":2},"a":{"a":0,"k":[0,0],"ix":1},"s":{"a":0,"k":[100,100],"ix":3},"r":{"a":0,"k":0,"ix":6},"o":{"a":0,"k":100,"ix":7},"sk":{"a":0,"k":0,"ix":4},"sa":{"a":0,"k":0,"ix":5},"nm":"变换"}],"nm":"形状 1","np":3,"cix":2,"ix":1,"mn":"ADBE Vector Group","hd":false}],"ip":0,"op":49,"st":-5.76,"bm":5}]}
