{"v":"4.10.1","fr":25,"ip":0,"op":125,"w":750,"h":1334,"nm":"合成 1","ddd":0,"assets":[],"fonts":{"list":[{"fName":"FZLTH8K--GBK1-0","fFamily":"FZLanTingHei8-GBK","fStyle":"Regular","ascent":91.4162499997765}]},"layers":[{"ddd":0,"ind":1,"ty":5,"nm":"5","sr":1,"ks":{"o":{"a":1,"k":[{"i":{"x":[0.833],"y":[0.833]},"o":{"x":[0.167],"y":[0.167]},"n":["0p833_0p833_0p167_0p167"],"t":25,"s":[100],"e":[0]},{"t":26}],"ix":11},"r":{"a":0,"k":0,"ix":10},"p":{"a":0,"k":[374,594,0],"ix":2},"a":{"a":0,"k":[186,-166,0],"ix":1},"s":{"a":1,"k":[{"i":{"x":[0.833,0.833,0.833],"y":[0.833,0.833,0.833]},"o":{"x":[0.167,0.167,0.167],"y":[0.167,0.167,0.167]},"n":["0p833_0p833_0p167_0p167","0p833_0p833_0p167_0p167","0p833_0p833_0p167_0p167"],"t":0,"s":[384,384,100],"e":[36,36,100]},{"t":25}],"ix":6}},"ao":0,"t":{"d":{"k":[{"s":{"s":515,"f":"FZLTH8K--GBK1-0","t":"5","j":0,"tr":107,"lh":618,"ls":0,"fc":[1,1,1],"sc":[0,0,0],"sw":0.00999999977648,"of":true},"t":0}]},"p":{},"m":{"g":1,"a":{"a":0,"k":[0,0],"ix":2}},"a":[]},"ip":0,"op":125,"st":0,"bm":0},{"ddd":0,"ind":2,"ty":5,"nm":"4","sr":1,"ks":{"o":{"a":1,"k":[{"i":{"x":[0.833],"y":[0.833]},"o":{"x":[0.167],"y":[0.167]},"n":["0p833_0p833_0p167_0p167"],"t":24,"s":[0],"e":[100]},{"i":{"x":[0.833],"y":[0.833]},"o":{"x":[0.167],"y":[0.167]},"n":["0p833_0p833_0p167_0p167"],"t":25,"s":[100],"e":[100]},{"i":{"x":[0.833],"y":[0.833]},"o":{"x":[0.167],"y":[0.167]},"n":["0p833_0p833_0p167_0p167"],"t":50,"s":[100],"e":[0]},{"t":51}],"ix":11},"r":{"a":0,"k":0,"ix":10},"p":{"a":0,"k":[374,594,0],"ix":2},"a":{"a":0,"k":[186,-166,0],"ix":1},"s":{"a":1,"k":[{"i":{"x":[0.833,0.833,0.833],"y":[0.833,0.833,0.833]},"o":{"x":[0.167,0.167,0.167],"y":[0.167,0.167,0.167]},"n":["0p833_0p833_0p167_0p167","0p833_0p833_0p167_0p167","0p833_0p833_0p167_0p167"],"t":25,"s":[384,384,100],"e":[36,36,100]},{"t":50}],"ix":6}},"ao":0,"t":{"d":{"k":[{"s":{"s":515,"f":"FZLTH8K--GBK1-0","t":"4","j":0,"tr":107,"lh":618,"ls":0,"fc":[1,1,1],"sc":[0,0,0],"sw":0.00999999977648,"of":true},"t":0}]},"p":{},"m":{"g":1,"a":{"a":0,"k":[0,0],"ix":2}},"a":[]},"ip":0,"op":125,"st":0,"bm":0},{"ddd":0,"ind":3,"ty":5,"nm":"3","sr":1,"ks":{"o":{"a":1,"k":[{"i":{"x":[0.833],"y":[0.833]},"o":{"x":[0.167],"y":[0.167]},"n":["0p833_0p833_0p167_0p167"],"t":49,"s":[0],"e":[100]},{"i":{"x":[0.833],"y":[0.833]},"o":{"x":[0.167],"y":[0.167]},"n":["0p833_0p833_0p167_0p167"],"t":50,"s":[100],"e":[100]},{"i":{"x":[0.833],"y":[0.833]},"o":{"x":[0.167],"y":[0.167]},"n":["0p833_0p833_0p167_0p167"],"t":75,"s":[100],"e":[0]},{"t":76}],"ix":11},"r":{"a":0,"k":0,"ix":10},"p":{"a":0,"k":[374,594,0],"ix":2},"a":{"a":0,"k":[186,-166,0],"ix":1},"s":{"a":1,"k":[{"i":{"x":[0.833,0.833,0.833],"y":[0.833,0.833,0.833]},"o":{"x":[0.167,0.167,0.167],"y":[0.167,0.167,0.167]},"n":["0p833_0p833_0p167_0p167","0p833_0p833_0p167_0p167","0p833_0p833_0p167_0p167"],"t":50,"s":[384,384,100],"e":[36,36,100]},{"t":75}],"ix":6}},"ao":0,"t":{"d":{"k":[{"s":{"s":515,"f":"FZLTH8K--GBK1-0","t":"3","j":0,"tr":107,"lh":618,"ls":0,"fc":[1,1,1],"sc":[0,0,0],"sw":0.00999999977648,"of":true},"t":0}]},"p":{},"m":{"g":1,"a":{"a":0,"k":[0,0],"ix":2}},"a":[]},"ip":0,"op":125,"st":0,"bm":0},{"ddd":0,"ind":4,"ty":5,"nm":"2","sr":1,"ks":{"o":{"a":1,"k":[{"i":{"x":[0.833],"y":[0.833]},"o":{"x":[0.167],"y":[0.167]},"n":["0p833_0p833_0p167_0p167"],"t":74,"s":[0],"e":[100]},{"i":{"x":[0.833],"y":[0.833]},"o":{"x":[0.167],"y":[0.167]},"n":["0p833_0p833_0p167_0p167"],"t":75,"s":[100],"e":[100]},{"i":{"x":[0.833],"y":[0.833]},"o":{"x":[0.167],"y":[0.167]},"n":["0p833_0p833_0p167_0p167"],"t":100,"s":[100],"e":[0]},{"t":101}],"ix":11},"r":{"a":0,"k":0,"ix":10},"p":{"a":0,"k":[374,594,0],"ix":2},"a":{"a":0,"k":[186,-166,0],"ix":1},"s":{"a":1,"k":[{"i":{"x":[0.833,0.833,0.833],"y":[0.833,0.833,0.833]},"o":{"x":[0.167,0.167,0.167],"y":[0.167,0.167,0.167]},"n":["0p833_0p833_0p167_0p167","0p833_0p833_0p167_0p167","0p833_0p833_0p167_0p167"],"t":75,"s":[384,384,100],"e":[36,36,100]},{"t":100}],"ix":6}},"ao":0,"t":{"d":{"k":[{"s":{"s":515,"f":"FZLTH8K--GBK1-0","t":"2","j":0,"tr":107,"lh":618,"ls":0,"fc":[1,1,1],"sc":[0,0,0],"sw":0.00999999977648,"of":true},"t":0}]},"p":{},"m":{"g":1,"a":{"a":0,"k":[0,0],"ix":2}},"a":[]},"ip":0,"op":125,"st":0,"bm":0},{"ddd":0,"ind":5,"ty":5,"nm":"1","sr":1,"ks":{"o":{"a":1,"k":[{"i":{"x":[0.833],"y":[0.833]},"o":{"x":[0.167],"y":[0.167]},"n":["0p833_0p833_0p167_0p167"],"t":99,"s":[0],"e":[100]},{"i":{"x":[0.833],"y":[0.833]},"o":{"x":[0.167],"y":[0.167]},"n":["0p833_0p833_0p167_0p167"],"t":100,"s":[100],"e":[100]},{"i":{"x":[0.833],"y":[0.833]},"o":{"x":[0.167],"y":[0.167]},"n":["0p833_0p833_0p167_0p167"],"t":125,"s":[100],"e":[0]},{"t":126}],"ix":11},"r":{"a":0,"k":0,"ix":10},"p":{"a":0,"k":[374,594,0],"ix":2},"a":{"a":0,"k":[186,-166,0],"ix":1},"s":{"a":1,"k":[{"i":{"x":[0.833,0.833,0.833],"y":[0.833,0.833,0.833]},"o":{"x":[0.167,0.167,0.167],"y":[0.167,0.167,0.167]},"n":["0p833_0p833_0p167_0p167","0p833_0p833_0p167_0p167","0p833_0p833_0p167_0p167"],"t":100,"s":[384,384,100],"e":[36,36,100]},{"t":125}],"ix":6}},"ao":0,"t":{"d":{"k":[{"s":{"s":515,"f":"FZLTH8K--GBK1-0","t":"1","j":0,"tr":107,"lh":618,"ls":0,"fc":[1,1,1],"sc":[0,0,0],"sw":0.00999999977648,"of":true},"t":0}]},"p":{},"m":{"g":1,"a":{"a":0,"k":[0,0],"ix":2}},"a":[]},"ip":0,"op":125,"st":0,"bm":0}],"chars":[{"ch":"1","size":515,"style":"Regular","w":58.2,"data":{"shapes":[{"ty":"gr","it":[{"ind":0,"ty":"sh","ix":1,"ks":{"a":0,"k":{"i":[[0,0],[0,0],[14.319,-5.725],[0,0],[-8.075,5.994],[0,0],[0,0]],"o":[[0,0],[-6.775,10.419],[0,0],[10.156,-3.125],[0,0],[0,0],[0,0]],"v":[[49.219,-78.125],[34.375,-78.125],[2.734,-53.906],[2.734,-37.891],[30.078,-51.562],[30.078,8.203],[49.219,8.203]],"c":true},"ix":2},"nm":"1","mn":"ADBE Vector Shape - Group","hd":false}],"nm":"1","np":3,"cix":2,"ix":1,"mn":"ADBE Vector Group","hd":false}]},"fFamily":"FZLanTingHei8-GBK"},{"ch":"2","size":515,"style":"Regular","w":70.7,"data":{"shapes":[{"ty":"gr","it":[{"ind":0,"ty":"sh","ix":1,"ks":{"a":0,"k":{"i":[[-8.594,5.731],[1.3,10.681],[17.969,0.525],[3.125,-17.188],[0,0],[-7.812,-0.256],[-0.262,-7.55],[13.538,-10.156],[7.288,-10.938],[0,0],[0,0],[0,0],[0,0]],"o":[[14.062,-8.594],[-1.306,-15.625],[-20.056,0],[0,0],[1.819,-10.156],[7.55,0],[1.038,4.95],[-9.637,7.031],[0,0],[0,0],[0,0],[0,0],[6.25,-6.769]],"v":[[48.438,-25.781],[67.578,-54.688],[38.672,-78.906],[3.906,-53.125],[21.484,-49.219],[35.938,-64.062],[47.656,-52.734],[28.906,-30.078],[3.516,-3.125],[3.516,8.203],[67.188,8.203],[67.188,-7.031],[26.172,-7.031]],"c":true},"ix":2},"nm":"2","mn":"ADBE Vector Shape - Group","hd":false}],"nm":"2","np":3,"cix":2,"ix":1,"mn":"ADBE Vector Group","hd":false}]},"fFamily":"FZLanTingHei8-GBK"},{"ch":"3","size":515,"style":"Regular","w":73.05,"data":{"shapes":[{"ty":"gr","it":[{"ind":0,"ty":"sh","ix":1,"ks":{"a":0,"k":{"i":[[-17.712,0.781],[-1.044,15.881],[12.5,2.087],[0.256,10.681],[17.969,0.525],[3.906,-15.1],[0,0],[-7.294,0.525],[-0.262,-7.288],[11.456,0],[0,0],[0,0],[0,0],[0,-8.069],[8.069,-0.256],[1.562,8.594],[0,0]],"o":[[21.094,-0.525],[-1.044,-11.975],[12.5,-3.125],[-1.306,-14.319],[-18.494,0.262],[0,0],[1.819,-7.812],[7.031,0],[0,7.556],[0,0],[0,0],[0,0],[12.5,0],[-0.262,8.075],[-8.075,0],[0,0],[4.163,15.363]],"v":[[36.719,9.375],[69.922,-15.234],[49.609,-36.328],[67.969,-57.031],[39.062,-79.297],[5.469,-56.25],[23.828,-52.734],[37.5,-65.234],[48.438,-54.297],[31.25,-42.969],[23.828,-42.969],[23.828,-28.516],[31.641,-28.516],[50.391,-16.406],[37.891,-3.906],[23.438,-16.797],[3.906,-12.5]],"c":true},"ix":2},"nm":"3","mn":"ADBE Vector Shape - Group","hd":false}],"nm":"3","np":3,"cix":2,"ix":1,"mn":"ADBE Vector Group","hd":false}]},"fFamily":"FZLanTingHei8-GBK"},{"ch":"4","size":515,"style":"Regular","w":73.83,"data":{"shapes":[{"ty":"gr","it":[{"ind":0,"ty":"sh","ix":1,"ks":{"a":0,"k":{"i":[[0,0],[0,0],[0,0],[0,0],[0,0],[0,0],[0,0],[0,0],[0,0],[0,0],[0,0]],"o":[[0,0],[0,0],[0,0],[0,0],[0,0],[0,0],[0,0],[0,0],[0,0],[0,0],[0,0]],"v":[[71.875,-23.438],[61.328,-23.438],[61.328,-78.125],[42.969,-78.125],[2.344,-21.875],[2.344,-9.766],[44.531,-9.766],[44.531,8.203],[61.328,8.203],[61.328,-9.766],[71.875,-9.766]],"c":true},"ix":2},"nm":"4","mn":"ADBE Vector Shape - Group","hd":false},{"ind":1,"ty":"sh","ix":2,"ks":{"a":0,"k":{"i":[[0,-3.906],[0,0],[0,0],[0,0],[-0.781,1.825]],"o":[[0,0],[0,0],[0,0],[1.562,-2.344],[-0.262,2.087]],"v":[[44.531,-50.781],[44.531,-23.438],[20.312,-23.438],[41.406,-53.516],[44.922,-59.766]],"c":true},"ix":2},"nm":"4","mn":"ADBE Vector Shape - Group","hd":false}],"nm":"4","np":5,"cix":2,"ix":1,"mn":"ADBE Vector Group","hd":false}]},"fFamily":"FZLanTingHei8-GBK"},{"ch":"5","size":515,"style":"Regular","w":72.66,"data":{"shapes":[{"ty":"gr","it":[{"ind":0,"ty":"sh","ix":1,"ks":{"a":0,"k":{"i":[[-17.712,0],[-0.525,18.75],[17.969,0.525],[5.206,-3.381],[0,0],[0,0],[0,0],[0,0],[0,0],[0,0],[-5.212,0.262],[-0.262,-9.631],[8.331,-0.781],[1.819,8.594],[0,0]],"o":[[21.094,-0.525],[-0.781,-17.706],[-5.994,0],[0,0],[0,0],[0,0],[0,0],[0,0],[0,0],[3.644,-3.125],[9.113,0.262],[-0.525,9.119],[-7.556,-0.256],[0,0],[4.425,15.1]],"v":[[36.719,9.375],[69.141,-19.531],[41.016,-46.875],[24.219,-41.797],[26.172,-61.719],[64.062,-61.719],[64.062,-77.344],[10.156,-77.344],[7.031,-28.516],[22.656,-28.516],[35.938,-33.594],[50,-18.75],[36.719,-3.906],[22.656,-17.188],[3.516,-13.281]],"c":true},"ix":2},"nm":"5","mn":"ADBE Vector Shape - Group","hd":false}],"nm":"5","np":3,"cix":2,"ix":1,"mn":"ADBE Vector Group","hd":false}]},"fFamily":"FZLanTingHei8-GBK"}]}
